id,name,email,phone,created_at,updated_at
51,Ronald Foster,knightgina@example.net,6974439533,2024-10-31 13:00:00,2024-10-31 18:00:00
61,Jacqueline Hernandez,fjones@example.org,(215)628-0988x51656,2024-10-31 13:00:00,2024-10-31 18:00:00
74,Ryan Garcia,stanleynancy@example.net,(296)822-2927,2024-10-31 13:00:00,2024-10-31 18:00:00
17,Daniel Cooper,william40@example.org,+1-264-300-5242x7868,2024-10-31 13:00:00,2024-10-31 18:00:00
68,Richard Jones,schmidtjames@example.com,(923)912-4329x212,2024-10-31 13:00:00,2024-10-31 18:00:00
95,Jerry Pierce,andersoncolin@example.com,985-923-9868x00025,2024-10-31 13:00:00,2024-10-31 18:00:00
31,Miguel Jones,curtisbarton@example.net,+1-819-905-8651x850,2024-10-31 13:00:00,2024-10-31 18:00:00
88,Allison Spencer,tanner82@example.net,314-467-8669,2024-10-31 13:00:00,2024-10-31 18:00:00
28,George Shelton,dramsey@example.org,+1-280-669-9016x272,2024-10-31 13:00:00,2024-10-31 18:00:00
57,Rachel Harris DVM,brendali@example.org,729-504-2284x21020,2024-10-31 13:00:00,2024-10-31 18:00:00
48,Cynthia Cohen,wendy16@example.org,001-517-824-0050x45562,2024-10-31 13:00:00,2024-10-31 18:00:00
92,Charles Hensley,jessica56@example.org,001-258-681-5371x47321,2024-10-31 13:00:00,2024-10-31 18:00:00
2,Meredith Barnes,zlawrence@example.org,001-626-254-2351x16155,2024-10-31 13:00:00,2024-10-31 18:00:00
4,Holly Wood,elizabethmiles@example.net,+1-219-528-3276x4835,2024-10-31 13:00:00,2024-10-31 18:00:00
13,Stephanie Martin,gallowayjoseph@example.com,268-272-3430x9805,2024-10-31 13:00:00,2024-10-31 18:00:00
21,William Wilson,jonathanfletcher@example.org,783.856.1595x14846,2024-10-31 13:00:00,2024-10-31 18:00:00
100,Angela Bradshaw,julie33@example.net,584-221-9933x083,2024-10-31 13:00:00,2024-10-31 18:00:00
77,Courtney Hayes,sarah60@example.com,653.961.5305x15220,2024-10-31 13:00:00,2024-10-31 18:00:00
94,Amber Campbell,amitchell@example.org,(624)356-5060x98358,2024-10-31 13:00:00,2024-10-31 18:00:00
87,Benjamin Thompson,zosborn@example.net,451-588-4422x58313,2024-10-31 13:00:00,2024-10-31 18:00:00
